[{"model": "auth.user", "fields": {"password": "pbkdf2_sha256$1000000$V62JTV0IpXnUyJbBBlpAx3$cc5mzKByl0Bd1tsi0lx7KypVDrHnZdJHXJ5EFPAPyro=", "last_login": "2026-04-27T07:09:46.579Z", "is_superuser": true, "username": "admin", "first_name": "", "last_name": "", "email": "admin@example.com", "is_staff": true, "is_active": true, "date_joined": "2026-04-25T13:05:14.286Z", "groups": [], "user_permissions": []}}, {"model": "sites.site", "fields": {"domain": "careerbuildershub.com", "name": "Career Builders Hub"}}, {"model": "core.contactmessage", "pk": 1, "fields": {"name": "Test", "email": "test@example.com", "subject": "Hello World", "message": "This is a test message.", "is_read": false, "created_at": "2026-04-28T17:23:49.518Z"}}, {"model": "core.faq", "pk": 1, "fields": {"question": "Is it free to search for jobs?", "answer": "Yes, completely free. Create a profile and apply to any job at no cost.", "category": "job-seekers", "order": 1, "is_active": true, "created_at": "2026-04-27T07:09:14.893Z"}}, {"model": "core.faq", "pk": 2, "fields": {"question": "How do I set up a job alert?", "answer": "Go to Job Listings, set your filters, and click \"Set Up Alert\". You will receive an email whenever a matching job is posted.", "category": "job-seekers", "order": 2, "is_active": true, "created_at": "2026-04-27T07:09:14.894Z"}}, {"model": "core.faq", "pk": 3, "fields": {"question": "How do I upload my resume?", "answer": "Visit the Submit Resume page or update your profile under Account Settings.", "category": "job-seekers", "order": 3, "is_active": true, "created_at": "2026-04-27T07:09:14.895Z"}}, {"model": "core.faq", "pk": 4, "fields": {"question": "Are all jobs entry-level?", "answer": "Yes. Every job on Career Builders Hub is verified to require 0–2 years of experience.", "category": "job-seekers", "order": 4, "is_active": true, "created_at": "2026-04-27T07:09:14.896Z"}}, {"model": "core.faq", "pk": 5, "fields": {"question": "How do I post a job?", "answer": "Visit the Post a Job page. Submit your details and our team will review and publish within 24 hours.", "category": "employers", "order": 1, "is_active": true, "created_at": "2026-04-27T07:09:14.898Z"}}, {"model": "core.faq", "pk": 6, "fields": {"question": "Is job posting free for employers?", "answer": "We offer free standard listings. Contact us about featured placement options.", "category": "employers", "order": 2, "is_active": true, "created_at": "2026-04-27T07:09:14.900Z"}}, {"model": "core.faq", "pk": 7, "fields": {"question": "How long do job listings stay active?", "answer": "Standard listings are active for 30 days. You can request an extension from our team.", "category": "employers", "order": 3, "is_active": true, "created_at": "2026-04-27T07:09:14.900Z"}}, {"model": "core.faq", "pk": 8, "fields": {"question": "How do I create an account?", "answer": "Click Get Started in the top navigation. Registration takes less than a minute.", "category": "platform", "order": 1, "is_active": true, "created_at": "2026-04-27T07:09:14.901Z"}}, {"model": "core.faq", "pk": 9, "fields": {"question": "Can I save jobs to apply later?", "answer": "Yes. Click the Save button on any job listing. Saved jobs appear in your dashboard.", "category": "platform", "order": 2, "is_active": true, "created_at": "2026-04-27T07:09:14.902Z"}}, {"model": "core.faq", "pk": 10, "fields": {"question": "How do I delete my account?", "answer": "Contact us at hello@careerbuildershub.com and we will process your request within 48 hours.", "category": "platform", "order": 3, "is_active": true, "created_at": "2026-04-27T07:09:14.903Z"}}, {"model": "core.sitesettings", "pk": 1, "fields": {"site_name": "Job Foundry Hub", "site_tagline": "Entry-Level Jobs for Recent Graduates", "hero_heading": "Launch Your Career with Confidence", "hero_subtext": "Browse 100+ verified entry-level jobs curated for recent graduates. Free to use.", "hero_cta_text": "Browse All Jobs", "about_intro": "", "contact_email": "support@jobfoundryhub.com", "linkedin_url": "", "twitter_url": "", "instagram_url": "", "ga_measurement_id": "", "adsense_publisher_id": "", "adsense_enabled": false, "updated_at": "2026-04-28T22:34:36.333Z"}}, {"model": "jobs.company", "pk": 1, "fields": {"name": "TechCorp", "slug": "techcorp", "logo": "", "website": "https://techcorp.com", "description": "TechCorp is a leading company in technology.", "industry": "technology", "size": "51-200", "location": "New York, NY", "is_verified": false, "is_active": true, "created_at": "2026-04-26T12:52:50.351Z"}}, {"model": "jobs.company", "pk": 2, "fields": {"name": "Designly", "slug": "designly", "logo": "", "website": "https://designly.com", "description": "Designly is a leading company in design.", "industry": "design", "size": "51-200", "location": "New York, NY", "is_verified": false, "is_active": true, "created_at": "2026-04-26T12:52:50.352Z"}}, {"model": "jobs.company", "pk": 3, "fields": {"name": "MarketFlow", "slug": "marketflow", "logo": "", "website": "https://marketflow.com", "description": "MarketFlow is a leading company in marketing.", "industry": "marketing", "size": "51-200", "location": "New York, NY", "is_verified": false, "is_active": true, "created_at": "2026-04-26T12:52:50.352Z"}}, {"model": "jobs.company", "pk": 4, "fields": {"name": "SalePoint", "slug": "salepoint", "logo": "", "website": "https://salepoint.com", "description": "SalePoint is a leading company in sales.", "industry": "sales", "size": "51-200", "location": "New York, NY", "is_verified": false, "is_active": true, "created_at": "2026-04-26T12:52:50.353Z"}}, {"model": "jobs.company", "pk": 5, "fields": {"name": "Jomiez", "slug": "jomiez", "logo": "company_logos/ChatGPT_Image_Apr_19_2026_at_11_39_10_AM.png", "website": "https://jomiez.com", "description": "jomiez is the world leading technology company, they're also the developer of the world's most capable and powerful AI chaka, under the most efficient leadership of the founder and CEO, big tim", "industry": "Development", "size": "1-10", "location": "nigeria", "is_verified": true, "is_active": true, "created_at": "2026-04-27T07:43:39.740Z"}}, {"model": "jobs.jobcategory", "pk": 1, "fields": {"name": "Technology", "slug": "technology", "icon": "briefcase", "description": "Jobs in the Technology field.", "job_count": 0}}, {"model": "jobs.jobcategory", "pk": 2, "fields": {"name": "Design", "slug": "design", "icon": "briefcase", "description": "Jobs in the Design field.", "job_count": 0}}, {"model": "jobs.jobcategory", "pk": 3, "fields": {"name": "Marketing", "slug": "marketing", "icon": "briefcase", "description": "Jobs in the Marketing field.", "job_count": 0}}, {"model": "jobs.jobcategory", "pk": 4, "fields": {"name": "Sales", "slug": "sales", "icon": "briefcase", "description": "Jobs in the Sales field.", "job_count": 0}}, {"model": "jobs.jobcategory", "pk": 5, "fields": {"name": "Customer Support", "slug": "customer-support", "icon": "briefcase", "description": "Jobs in the Customer Support field.", "job_count": 0}}, {"model": "jobs.job", "pk": 1, "fields": {"title": "Software Engineer 1", "slug": "software-engineer-1-4116", "company": 1, "category": 3, "description": "<p>We are looking for a talented individual to join our team.</p>", "requirements": "<p>Must have experience in the field.</p>", "location": "New York, NY", "region": "New York", "country": "United States", "is_remote": false, "remote_type": "", "job_type": "full-time", "experience_level": "junior", "salary_min": null, "salary_max": null, "salary_currency": "USD", "salary_period": "annual", "apply_url": "https://example.com/apply", "is_active": true, "is_featured": true, "views_count": 1, "applications_count": 0, "posted_at": "2026-04-26T12:52:50.354Z", "expires_at": "2026-05-26T12:52:50.354Z"}}, {"model": "jobs.job", "pk": 2, "fields": {"title": "Account Executive 2", "slug": "account-executive-2-5100", "company": 2, "category": 4, "description": "<p>We are looking for a talented individual to join our team.</p>", "requirements": "<p>Must have experience in the field.</p>", "location": "New York, NY", "region": "New York", "country": "United States", "is_remote": false, "remote_type": "", "job_type": "full-time", "experience_level": "junior", "salary_min": null, "salary_max": null, "salary_currency": "USD", "salary_period": "annual", "apply_url": "https://example.com/apply", "is_active": true, "is_featured": false, "views_count": 0, "applications_count": 0, "posted_at": "2026-04-26T12:52:50.359Z", "expires_at": "2026-05-26T12:52:50.359Z"}}, {"model": "jobs.job", "pk": 3, "fields": {"title": "UI/UX Designer 3", "slug": "uiux-designer-3-5514", "company": 1, "category": 3, "description": "<p>We are looking for a talented individual to join our team.</p>", "requirements": "<p>Must have experience in the field.</p>", "location": "New York, NY", "region": "New York", "country": "United States", "is_remote": false, "remote_type": "", "job_type": "full-time", "experience_level": "junior", "salary_min": null, "salary_max": null, "salary_currency": "USD", "salary_period": "annual", "apply_url": "https://example.com/apply", "is_active": true, "is_featured": false, "views_count": 0, "applications_count": 0, "posted_at": "2026-04-26T12:52:50.359Z", "expires_at": "2026-05-26T12:52:50.359Z"}}, {"model": "jobs.job", "pk": 4, "fields": {"title": "Frontend Developer 4", "slug": "frontend-developer-4-3894", "company": 4, "category": 4, "description": "<p>We are looking for a talented individual to join our team.</p>", "requirements": "<p>Must have experience in the field.</p>", "location": "New York, NY", "region": "New York", "country": "United States", "is_remote": false, "remote_type": "", "job_type": "full-time", "experience_level": "junior", "salary_min": null, "salary_max": null, "salary_currency": "USD", "salary_period": "annual", "apply_url": "https://example.com/apply", "is_active": true, "is_featured": false, "views_count": 0, "applications_count": 0, "posted_at": "2026-04-26T12:52:50.360Z", "expires_at": "2026-05-26T12:52:50.360Z"}}, {"model": "jobs.job", "pk": 5, "fields": {"title": "Account Executive 5", "slug": "account-executive-5-7689", "company": 3, "category": 1, "description": "<p>We are looking for a talented individual to join our team.</p>", "requirements": "<p>Must have experience in the field.</p>", "location": "New York, NY", "region": "New York", "country": "United States", "is_remote": false, "remote_type": "", "job_type": "full-time", "experience_level": "junior", "salary_min": null, "salary_max": null, "salary_currency": "USD", "salary_period": "annual", "apply_url": "https://example.com/apply", "is_active": true, "is_featured": true, "views_count": 0, "applications_count": 0, "posted_at": "2026-04-26T12:52:50.360Z", "expires_at": "2026-05-26T12:52:50.360Z"}}, {"model": "jobs.job", "pk": 6, "fields": {"title": "Account Executive 6", "slug": "account-executive-6-2203", "company": 2, "category": 4, "description": "<p>We are looking for a talented individual to join our team.</p>", "requirements": "<p>Must have experience in the field.</p>", "location": "New York, NY", "region": "New York", "country": "United States", "is_remote": false, "remote_type": "", "job_type": "full-time", "experience_level": "junior", "salary_min": null, "salary_max": null, "salary_currency": "USD", "salary_period": "annual", "apply_url": "https://example.com/apply", "is_active": true, "is_featured": false, "views_count": 0, "applications_count": 0, "posted_at": "2026-04-26T12:52:50.361Z", "expires_at": "2026-05-26T12:52:50.361Z"}}, {"model": "jobs.job", "pk": 7, "fields": {"title": "Marketing Manager 7", "slug": "marketing-manager-7-4539", "company": 1, "category": 4, "description": "<p>We are looking for a talented individual to join our team.</p>", "requirements": "<p>Must have experience in the field.</p>", "location": "New York, NY", "region": "New York", "country": "United States", "is_remote": false, "remote_type": "", "job_type": "full-time", "experience_level": "junior", "salary_min": null, "salary_max": null, "salary_currency": "USD", "salary_period": "annual", "apply_url": "https://example.com/apply", "is_active": true, "is_featured": true, "views_count": 0, "applications_count": 0, "posted_at": "2026-04-26T12:52:50.361Z", "expires_at": "2026-05-26T12:52:50.361Z"}}, {"model": "jobs.job", "pk": 8, "fields": {"title": "Marketing Manager 8", "slug": "marketing-manager-8-2807", "company": 3, "category": 5, "description": "<p>We are looking for a talented individual to join our team.</p>", "requirements": "<p>Must have experience in the field.</p>", "location": "New York, NY", "region": "New York", "country": "United States", "is_remote": false, "remote_type": "", "job_type": "full-time", "experience_level": "junior", "salary_min": null, "salary_max": null, "salary_currency": "USD", "salary_period": "annual", "apply_url": "https://example.com/apply", "is_active": true, "is_featured": true, "views_count": 2, "applications_count": 0, "posted_at": "2026-04-26T12:52:50.362Z", "expires_at": "2026-05-26T12:52:50.362Z"}}, {"model": "jobs.job", "pk": 9, "fields": {"title": "UI/UX Designer 9", "slug": "uiux-designer-9-3523", "company": 3, "category": 4, "description": "<p>We are looking for a talented individual to join our team.</p>", "requirements": "<p>Must have experience in the field.</p>", "location": "New York, NY", "region": "New York", "country": "United States", "is_remote": false, "remote_type": "", "job_type": "full-time", "experience_level": "junior", "salary_min": null, "salary_max": null, "salary_currency": "USD", "salary_period": "annual", "apply_url": "https://example.com/apply", "is_active": true, "is_featured": false, "views_count": 0, "applications_count": 0, "posted_at": "2026-04-26T12:52:50.362Z", "expires_at": "2026-05-26T12:52:50.362Z"}}, {"model": "jobs.job", "pk": 10, "fields": {"title": "Software Engineer 10", "slug": "software-engineer-10-8863", "company": 2, "category": 4, "description": "<p>We are looking for a talented individual to join our team.</p>", "requirements": "<p>Must have experience in the field.</p>", "location": "New York, NY", "region": "New York", "country": "United States", "is_remote": false, "remote_type": "", "job_type": "full-time", "experience_level": "junior", "salary_min": null, "salary_max": null, "salary_currency": "USD", "salary_period": "annual", "apply_url": "https://example.com/apply", "is_active": true, "is_featured": true, "views_count": 3, "applications_count": 0, "posted_at": "2026-04-26T12:52:50.363Z", "expires_at": "2026-05-26T12:52:50.363Z"}}, {"model": "jobs.job", "pk": 11, "fields": {"title": "Account Executive 1", "slug": "account-executive-1-2173", "company": 3, "category": 4, "description": "<p>We are looking for a talented individual to join our team.</p>", "requirements": "<p>Must have experience in the field.</p>", "location": "New York, NY", "region": "New York", "country": "United States", "is_remote": false, "remote_type": "", "job_type": "full-time", "experience_level": "junior", "salary_min": null, "salary_max": null, "salary_currency": "USD", "salary_period": "annual", "apply_url": "https://example.com/apply", "is_active": true, "is_featured": false, "views_count": 0, "applications_count": 0, "posted_at": "2026-04-27T07:08:53.096Z", "expires_at": "2026-05-27T07:08:53.096Z"}}, {"model": "jobs.job", "pk": 12, "fields": {"title": "Frontend Developer 2", "slug": "frontend-developer-2-6223", "company": 3, "category": 3, "description": "<p>We are looking for a talented individual to join our team.</p>", "requirements": "<p>Must have experience in the field.</p>", "location": "New York, NY", "region": "New York", "country": "United States", "is_remote": false, "remote_type": "", "job_type": "full-time", "experience_level": "junior", "salary_min": null, "salary_max": null, "salary_currency": "USD", "salary_period": "annual", "apply_url": "https://example.com/apply", "is_active": true, "is_featured": true, "views_count": 0, "applications_count": 0, "posted_at": "2026-04-27T07:08:53.098Z", "expires_at": "2026-05-27T07:08:53.098Z"}}, {"model": "jobs.job", "pk": 13, "fields": {"title": "Account Executive 3", "slug": "account-executive-3-7696", "company": 3, "category": 4, "description": "<p>We are looking for a talented individual to join our team.</p>", "requirements": "<p>Must have experience in the field.</p>", "location": "New York, NY", "region": "New York", "country": "United States", "is_remote": false, "remote_type": "", "job_type": "full-time", "experience_level": "junior", "salary_min": null, "salary_max": null, "salary_currency": "USD", "salary_period": "annual", "apply_url": "https://example.com/apply", "is_active": true, "is_featured": true, "views_count": 0, "applications_count": 0, "posted_at": "2026-04-27T07:08:53.099Z", "expires_at": "2026-05-27T07:08:53.099Z"}}, {"model": "jobs.job", "pk": 14, "fields": {"title": "Support Specialist 4", "slug": "support-specialist-4-9830", "company": 3, "category": 3, "description": "<p>We are looking for a talented individual to join our team.</p>", "requirements": "<p>Must have experience in the field.</p>", "location": "New York, NY", "region": "New York", "country": "United States", "is_remote": false, "remote_type": "", "job_type": "full-time", "experience_level": "junior", "salary_min": null, "salary_max": null, "salary_currency": "USD", "salary_period": "annual", "apply_url": "https://example.com/apply", "is_active": true, "is_featured": true, "views_count": 0, "applications_count": 0, "posted_at": "2026-04-27T07:08:53.100Z", "expires_at": "2026-05-27T07:08:53.100Z"}}, {"model": "jobs.job", "pk": 15, "fields": {"title": "Marketing Manager 5", "slug": "marketing-manager-5-4315", "company": 4, "category": 2, "description": "<p>We are looking for a talented individual to join our team.</p>", "requirements": "<p>Must have experience in the field.</p>", "location": "New York, NY", "region": "New York", "country": "United States", "is_remote": false, "remote_type": "", "job_type": "full-time", "experience_level": "junior", "salary_min": null, "salary_max": null, "salary_currency": "USD", "salary_period": "annual", "apply_url": "https://example.com/apply", "is_active": true, "is_featured": false, "views_count": 0, "applications_count": 0, "posted_at": "2026-04-27T07:08:53.100Z", "expires_at": "2026-05-27T07:08:53.100Z"}}, {"model": "jobs.job", "pk": 16, "fields": {"title": "UI/UX Designer 6", "slug": "uiux-designer-6-7330", "company": 2, "category": 2, "description": "<p>We are looking for a talented individual to join our team.</p>", "requirements": "<p>Must have experience in the field.</p>", "location": "New York, NY", "region": "New York", "country": "United States", "is_remote": false, "remote_type": "", "job_type": "full-time", "experience_level": "junior", "salary_min": null, "salary_max": null, "salary_currency": "USD", "salary_period": "annual", "apply_url": "https://example.com/apply", "is_active": true, "is_featured": false, "views_count": 0, "applications_count": 0, "posted_at": "2026-04-27T07:08:53.101Z", "expires_at": "2026-05-27T07:08:53.101Z"}}, {"model": "jobs.job", "pk": 17, "fields": {"title": "Software Engineer 7", "slug": "software-engineer-7-4198", "company": 2, "category": 3, "description": "<p>We are looking for a talented individual to join our team.</p>", "requirements": "<p>Must have experience in the field.</p>", "location": "New York, NY", "region": "New York", "country": "United States", "is_remote": false, "remote_type": "", "job_type": "full-time", "experience_level": "junior", "salary_min": null, "salary_max": null, "salary_currency": "USD", "salary_period": "annual", "apply_url": "https://example.com/apply", "is_active": true, "is_featured": false, "views_count": 0, "applications_count": 0, "posted_at": "2026-04-27T07:08:53.102Z", "expires_at": "2026-05-27T07:08:53.102Z"}}, {"model": "jobs.job", "pk": 18, "fields": {"title": "Frontend Developer 8", "slug": "frontend-developer-8-1013", "company": 3, "category": 5, "description": "<p>We are looking for a talented individual to join our team.</p>", "requirements": "<p>Must have experience in the field.</p>", "location": "New York, NY", "region": "New York", "country": "United States", "is_remote": false, "remote_type": "", "job_type": "full-time", "experience_level": "junior", "salary_min": null, "salary_max": null, "salary_currency": "USD", "salary_period": "annual", "apply_url": "https://example.com/apply", "is_active": true, "is_featured": true, "views_count": 0, "applications_count": 0, "posted_at": "2026-04-27T07:08:53.103Z", "expires_at": "2026-05-27T07:08:53.103Z"}}, {"model": "jobs.job", "pk": 19, "fields": {"title": "UI/UX Designer 9", "slug": "uiux-designer-9-7733", "company": 3, "category": 4, "description": "<p>We are looking for a talented individual to join our team.</p>", "requirements": "<p>Must have experience in the field.</p>", "location": "New York, NY", "region": "New York", "country": "United States", "is_remote": false, "remote_type": "", "job_type": "full-time", "experience_level": "junior", "salary_min": null, "salary_max": null, "salary_currency": "USD", "salary_period": "annual", "apply_url": "https://example.com/apply", "is_active": true, "is_featured": false, "views_count": 0, "applications_count": 0, "posted_at": "2026-04-27T07:08:53.104Z", "expires_at": "2026-05-27T07:08:53.104Z"}}, {"model": "jobs.job", "pk": 20, "fields": {"title": "Account Executive 10", "slug": "account-executive-10-5245", "company": 1, "category": 3, "description": "<p>We are looking for a talented individual to join our team.</p>", "requirements": "<p>Must have experience in the field.</p>", "location": "New York, NY", "region": "New York", "country": "United States", "is_remote": false, "remote_type": "", "job_type": "full-time", "experience_level": "junior", "salary_min": null, "salary_max": null, "salary_currency": "USD", "salary_period": "annual", "apply_url": "https://example.com/apply", "is_active": true, "is_featured": false, "views_count": 0, "applications_count": 0, "posted_at": "2026-04-27T07:08:53.105Z", "expires_at": "2026-05-27T07:08:53.105Z"}}, {"model": "jobs.job", "pk": 21, "fields": {"title": "Account Executive 1", "slug": "account-executive-1-1234", "company": 1, "category": 2, "description": "<p>We are looking for a talented individual to join our team.</p>", "requirements": "<p>Must have experience in the field.</p>", "location": "New York, NY", "region": "New York", "country": "United States", "is_remote": false, "remote_type": "", "job_type": "full-time", "experience_level": "junior", "salary_min": null, "salary_max": null, "salary_currency": "USD", "salary_period": "annual", "apply_url": "https://example.com/apply", "is_active": true, "is_featured": true, "views_count": 0, "applications_count": 0, "posted_at": "2026-04-27T07:09:14.875Z", "expires_at": "2026-05-27T07:09:14.875Z"}}, {"model": "jobs.job", "pk": 22, "fields": {"title": "UI/UX Designer 2", "slug": "uiux-designer-2-1234", "company": 3, "category": 3, "description": "<p>We are looking for a talented individual to join our team.</p>", "requirements": "<p>Must have experience in the field.</p>", "location": "New York, NY", "region": "New York", "country": "United States", "is_remote": false, "remote_type": "", "job_type": "full-time", "experience_level": "junior", "salary_min": null, "salary_max": null, "salary_currency": "USD", "salary_period": "annual", "apply_url": "https://example.com/apply", "is_active": true, "is_featured": false, "views_count": 0, "applications_count": 0, "posted_at": "2026-04-27T07:09:14.877Z", "expires_at": "2026-05-27T07:09:14.876Z"}}, {"model": "jobs.job", "pk": 23, "fields": {"title": "Frontend Developer 3", "slug": "frontend-developer-3-1234", "company": 3, "category": 4, "description": "<p>We are looking for a talented individual to join our team.</p>", "requirements": "<p>Must have experience in the field.</p>", "location": "New York, NY", "region": "New York", "country": "United States", "is_remote": false, "remote_type": "", "job_type": "full-time", "experience_level": "junior", "salary_min": null, "salary_max": null, "salary_currency": "USD", "salary_period": "annual", "apply_url": "https://example.com/apply", "is_active": true, "is_featured": true, "views_count": 0, "applications_count": 0, "posted_at": "2026-04-27T07:09:14.878Z", "expires_at": "2026-05-27T07:09:14.877Z"}}, {"model": "jobs.job", "pk": 24, "fields": {"title": "Account Executive 4", "slug": "account-executive-4-1234", "company": 2, "category": 3, "description": "<p>We are looking for a talented individual to join our team.</p>", "requirements": "<p>Must have experience in the field.</p>", "location": "New York, NY", "region": "New York", "country": "United States", "is_remote": false, "remote_type": "", "job_type": "full-time", "experience_level": "junior", "salary_min": null, "salary_max": null, "salary_currency": "USD", "salary_period": "annual", "apply_url": "https://example.com/apply", "is_active": true, "is_featured": false, "views_count": 0, "applications_count": 0, "posted_at": "2026-04-27T07:09:14.879Z", "expires_at": "2026-05-27T07:09:14.878Z"}}, {"model": "jobs.job", "pk": 25, "fields": {"title": "Marketing Manager 5", "slug": "marketing-manager-5-1234", "company": 1, "category": 1, "description": "<p>We are looking for a talented individual to join our team.</p>", "requirements": "<p>Must have experience in the field.</p>", "location": "New York, NY", "region": "New York", "country": "United States", "is_remote": false, "remote_type": "", "job_type": "full-time", "experience_level": "junior", "salary_min": null, "salary_max": null, "salary_currency": "USD", "salary_period": "annual", "apply_url": "https://example.com/apply", "is_active": true, "is_featured": false, "views_count": 0, "applications_count": 0, "posted_at": "2026-04-27T07:09:14.880Z", "expires_at": "2026-05-27T07:09:14.879Z"}}, {"model": "jobs.job", "pk": 26, "fields": {"title": "Marketing Manager 6", "slug": "marketing-manager-6-1234", "company": 1, "category": 2, "description": "<p>We are looking for a talented individual to join our team.</p>", "requirements": "<p>Must have experience in the field.</p>", "location": "New York, NY", "region": "New York", "country": "United States", "is_remote": false, "remote_type": "", "job_type": "full-time", "experience_level": "junior", "salary_min": null, "salary_max": null, "salary_currency": "USD", "salary_period": "annual", "apply_url": "https://example.com/apply", "is_active": true, "is_featured": true, "views_count": 1, "applications_count": 0, "posted_at": "2026-04-27T07:09:14.881Z", "expires_at": "2026-05-27T07:09:14.880Z"}}, {"model": "jobs.job", "pk": 27, "fields": {"title": "UI/UX Designer 7", "slug": "uiux-designer-7-1234", "company": 4, "category": 5, "description": "<p>We are looking for a talented individual to join our team.</p>", "requirements": "<p>Must have experience in the field.</p>", "location": "New York, NY", "region": "New York", "country": "United States", "is_remote": false, "remote_type": "", "job_type": "full-time", "experience_level": "junior", "salary_min": null, "salary_max": null, "salary_currency": "USD", "salary_period": "annual", "apply_url": "https://example.com/apply", "is_active": true, "is_featured": true, "views_count": 1, "applications_count": 0, "posted_at": "2026-04-27T07:09:14.882Z", "expires_at": "2026-05-27T07:09:14.882Z"}}, {"model": "jobs.job", "pk": 28, "fields": {"title": "Support Specialist 8", "slug": "support-specialist-8-1234", "company": 2, "category": 3, "description": "<p>We are looking for a talented individual to join our team.</p>", "requirements": "<p>Must have experience in the field.</p>", "location": "New York, NY", "region": "New York", "country": "United States", "is_remote": false, "remote_type": "", "job_type": "full-time", "experience_level": "junior", "salary_min": null, "salary_max": null, "salary_currency": "USD", "salary_period": "annual", "apply_url": "https://example.com/apply", "is_active": true, "is_featured": true, "views_count": 0, "applications_count": 0, "posted_at": "2026-04-27T07:09:14.883Z", "expires_at": "2026-05-27T07:09:14.883Z"}}, {"model": "jobs.job", "pk": 29, "fields": {"title": "Marketing Manager 9", "slug": "marketing-manager-9-1234", "company": 3, "category": 2, "description": "<p>We are looking for a talented individual to join our team.</p>", "requirements": "<p>Must have experience in the field.</p>", "location": "New York, NY", "region": "New York", "country": "United States", "is_remote": false, "remote_type": "", "job_type": "full-time", "experience_level": "junior", "salary_min": null, "salary_max": null, "salary_currency": "USD", "salary_period": "annual", "apply_url": "https://example.com/apply", "is_active": true, "is_featured": false, "views_count": 1, "applications_count": 0, "posted_at": "2026-04-27T07:09:14.884Z", "expires_at": "2026-05-27T07:09:14.884Z"}}, {"model": "jobs.job", "pk": 30, "fields": {"title": "Support Specialist 10", "slug": "support-specialist-10-1234", "company": 2, "category": 1, "description": "<p>We are looking for a talented individual to join our team.</p>", "requirements": "<p>Must have experience in the field.</p>", "location": "New York, NY", "region": "New York", "country": "United States", "is_remote": false, "remote_type": "", "job_type": "full-time", "experience_level": "junior", "salary_min": null, "salary_max": null, "salary_currency": "USD", "salary_period": "annual", "apply_url": "https://example.com/apply", "is_active": true, "is_featured": false, "views_count": 0, "applications_count": 0, "posted_at": "2026-04-27T07:09:14.886Z", "expires_at": "2026-05-27T07:09:14.885Z"}}, {"model": "jobs.job", "pk": 31, "fields": {"title": "AI/ML Engineer (Autonomous Systems & Multimodal AI)", "slug": "job", "company": 5, "category": null, "description": "<p><strong>Jomiez Innovation</strong> is looking for a visionary <strong>AI/ML Engineer</strong> to join our core team. We aren&#39;t just building chatbots; we are engineering the next generation of autonomous agents and multimodal ecosystems.<br />\r\nIn this role, you will be responsible for the architectural design and implementation of complex AI systems that bridge the gap between intent and action. You will work on everything from fine-tuning Large Language Models (LLMs) to optimizing Retrieval-Augmented Generation (RAG) pipelines and developing agentic workflows that can operate independently within diverse digital environments.<br />\r\nIf you are obsessed with the frontier of AI&mdash;where vision, voice, and reasoning converge&mdash;and you want to build products that feel like they&rsquo;re from the future, we want to hear from you.<br />\r\n<br />\r\n&nbsp;</p>\r\n\r\n<ul>\r\n\t<li>\r\n\t<p>Design and deploy autonomous agent architectures capable of multi-step reasoning and tool usage.</p>\r\n\t</li>\r\n\t<li>\r\n\t<p>Develop and optimize multimodal pipelines (Text-to-Speech, Vision-to-Text, and Audio processing).</p>\r\n\t</li>\r\n\t<li>\r\n\t<p>Implement and maintain high-performance RAG systems using vector databases.</p>\r\n\t</li>\r\n\t<li>\r\n\t<p>Collaborate with our design and frontend teams to integrate AI backends into futuristic, high-fidelity user interfaces.</p>\r\n\t</li>\r\n\t<li>\r\n\t<p>Stay at the forefront of open-source AI research to implement the latest breakthroughs in local orchestration and model efficiency.</p>\r\n\t</li>\r\n</ul>\r\n\r\n<p>&nbsp;</p>", "requirements": "<p>&nbsp;</p>\r\n\r\n<ul>\r\n\t<li>\r\n\t<p><strong>Model Management:</strong> Experience in fine-tuning open-source models (Llama 3, Mistral, etc.) and working with APIs like OpenAI, Anthropic, or Google Gemini.</p>\r\n\t</li>\r\n\t<li>\r\n\t<p><strong>LLM Orchestration:</strong> Hands-on experience with LangChain, LlamaIndex, or AutoGPT/OpenClaw-style agent frameworks.</p>\r\n\t</li>\r\n\t<li>\r\n\t<p><strong>Technical Expertise:</strong> Strong proficiency in Python and deep familiarity with AI frameworks such as PyTorch, TensorFlow, or JAX.</p>\r\n\t</li>\r\n\t<li>\r\n\t<p><strong>Data Infrastructure:</strong> Proficiency with vector databases (e.g., Pinecone, Milvus, or Weaviate) and managing complex data embedding pipelines.</p>\r\n\t</li>\r\n\t<li>\r\n\t<p><strong>Deployment:</strong> Experience with Docker, Kubernetes, and cloud-based AI scaling (AWS Bedrock, GCP Vertex AI, or Azure AI).</p>\r\n\t</li>\r\n\t<li>\r\n\t<p><strong>Architecture:</strong> A deep understanding of transformer architectures, attention mechanisms, and prompt engineering tactics.</p>\r\n\t</li>\r\n\t<li>\r\n\t<p><strong>Mindset:</strong> A &quot;builder&quot; mentality&mdash;you prefer shipping functional prototypes over theoretical research and thrive in a fast-paced, innovative environment.</p>\r\n\t</li>\r\n</ul>", "location": "", "region": "", "country": "United States", "is_remote": false, "remote_type": "", "job_type": "full-time", "experience_level": "", "salary_min": null, "salary_max": null, "salary_currency": "USD", "salary_period": "", "apply_url": "", "is_active": true, "is_featured": true, "views_count": 18, "applications_count": 0, "posted_at": "2026-04-27T07:43:39.741Z", "expires_at": "2026-05-27T12:00:00Z"}}, {"model": "jobs.resumesubmission", "pk": 1, "fields": {"full_name": "big tim", "email": "timtemple2024@gmail.com", "position": "", "resume": "resumes/2026/04/case-study_detail_page.pdf", "cover_note": "testing", "submitted_at": "2026-04-27T10:35:00.047Z", "is_reviewed": true, "notes": "congrats"}}, {"model": "jobs.resumesubmission", "pk": 2, "fields": {"full_name": "Nweke Emmanuel Ezinna", "email": "tomjerrytom2023@gmail.com", "position": "", "resume": "resumes/2026/04/let_me_ask_you_a_question_before_we_continue_inc....pdf", "cover_note": "testing", "submitted_at": "2026-04-27T11:00:28.679Z", "is_reviewed": true, "notes": ""}}, {"model": "blog.blogcategory", "pk": 1, "fields": {"name": "Career Advice", "slug": "career-advice", "description": "", "meta_title": "", "meta_description": ""}}, {"model": "blog.blogcategory", "pk": 2, "fields": {"name": "Job Search Tips", "slug": "job-search-tips", "description": "", "meta_title": "", "meta_description": ""}}, {"model": "blog.blogcategory", "pk": 3, "fields": {"name": "Interview Prep", "slug": "interview-prep", "description": "", "meta_title": "", "meta_description": ""}}, {"model": "blog.blogcategory", "pk": 4, "fields": {"name": "Industry Guides", "slug": "industry-guides", "description": "", "meta_title": "", "meta_description": ""}}, {"model": "blog.blogcategory", "pk": 5, "fields": {"name": "Hiring Trends", "slug": "hiring-trends", "description": "Insights about Hiring Trends.", "meta_title": "Hiring Trends - Career Builders Hub", "meta_description": "Read about Hiring Trends on our blog."}}, {"model": "blog.blogcategory", "pk": 6, "fields": {"name": "Platform News", "slug": "platform-news", "description": "Insights about Platform News.", "meta_title": "Platform News - Career Builders Hub", "meta_description": "Read about Platform News on our blog."}}, {"model": "blog.blogcategory", "pk": 7, "fields": {"name": "Job Market", "slug": "job-market", "description": "", "meta_title": "", "meta_description": ""}}, {"model": "blog.blogcategory", "pk": 8, "fields": {"name": "Networking", "slug": "networking", "description": "testing testing", "meta_title": "test", "meta_description": "test"}}, {"model": "blog.blogcategory", "pk": 9, "fields": {"name": "Life Skills", "slug": "life-skills", "description": "", "meta_title": "", "meta_description": ""}}, {"model": "blog.post", "pk": 1, "fields": {"title": "How to Write a Cover Letter With No Work Experience (With Examples)", "slug": "how-to-write-cover-letter-no-experience", "category": 1, "author": ["admin"], "excerpt": "Never written a cover letter? This step-by-step guide shows recent graduates exactly how to write one that gets interviews — with real examples.", "content": "<p>Landing your first job is one of the most exciting — and nerve-racking — milestones of your life. But before you even walk into that interview room, you need a cover letter. And if you've never held a \"real\" job before, staring at that blank page can feel impossible.</p>\n<p>Here's the truth: hiring managers know you're a recent graduate. They're not expecting a decade of experience. What they <em>are</em> looking for is someone who can communicate, who understands what the role requires, and who genuinely wants to work there. Your cover letter is your chance to show all three.</p>\n<p>This guide walks you through every step of writing a compelling cover letter with no work experience, including real examples you can adapt right now.</p>\n<p><strong>Why Your Cover Letter Matters More Without Experience</strong></p>\n<p>When your resume is light on experience, the cover letter becomes your most powerful tool. Resumes list facts. Cover letters tell stories. And stories are what make hiring managers remember you.</p>\n<p>A strong cover letter does three things: it explains why you want <em>this specific role</em> at <em>this specific company</em>, it highlights the transferable skills you do have, and it shows that you can write clearly and professionally. All three matter, and none of them require years of work history.</p>\n<p><strong>The Structure of a Great Entry-Level Cover Letter</strong></p>\n<p>Every cover letter should follow this structure:</p>\n<p><em>Header</em> — Your name, email, phone, and LinkedIn URL at the top. Then the date and the company's contact information below.</p>\n<p><em>Opening paragraph</em> — Hook the reader immediately. State the role you're applying for and one compelling reason you're the right person. Avoid \"I am writing to apply for...\" — it's dull. Instead try: \"Discovering that [Company] is expanding its marketing team this quarter, I immediately knew this was where I wanted to start my career.\"</p>\n<p><em>Body paragraph 1 — Your relevant background</em> — This is where you discuss your degree, relevant coursework, academic projects, or any volunteer/internship experience. Connect them directly to the job requirements. If the job needs data analysis skills and you ran a study in your statistics class, talk about that. Be specific.</p>\n<p><em>Body paragraph 2 — Why this company specifically</em> — Research the company. What products are they launching? What's their mission? What problem do they solve? Reference something real. \"I've admired how [Company] built their entire customer support model around reducing response times — it's the kind of detail-oriented culture I'm eager to contribute to.\"</p>\n<p><em>Closing paragraph</em> — Summarize your enthusiasm, mention you've attached your resume, and include a clear call to action. \"I would love the opportunity to discuss how my background in [X] can contribute to your team. I'm available for a call any time this week.\"</p>\n<p><em>Sign-off</em> — \"Warm regards,\" or \"Best regards,\" then your full name.</p>\n<p><strong>Transferable Skills to Highlight</strong></p>\n<p>You have more skills than you think. Here's what entry-level hiring managers actually care about and where you might have developed them:</p>\n<p>- <strong>Communication</strong> — group projects, presentations, debate team, student council\n- <strong>Problem-solving</strong> — academic research, science projects, case study competitions\n- <strong>Leadership</strong> — club president, team captain, event organizer\n- <strong>Time management</strong> — juggling coursework, part-time jobs, extracurriculars\n- <strong>Tech skills</strong> — Excel, Google Analytics, Canva, Python, any software your program used</p>\n<p><strong>A Real Example — Marketing Assistant Role</strong></p>\n<p>Here's a complete cover letter for a recent Marketing graduate applying for a Marketing Assistant position:</p>", "featured_image": "blog/images/placeholder.png", "read_time": 8, "meta_title": "How to Write a Cover Letter With No Experience | Career Builders Hub", "meta_description": "Never written a cover letter? This step-by-step guide shows recent graduates exactly how to write one that gets interviews — with real examples.", "focus_keyword": "how to write a cover letter with no experience", "status": "published", "published_at": null, "updated_at": "2026-04-27T06:20:27.747Z", "views_count": 4, "tags": []}}, {"model": "blog.post", "pk": 2, "fields": {"title": "The 15 Best Entry-Level Remote Jobs for Recent Graduates in 2026", "slug": "best-entry-level-remote-jobs-recent-graduates-2026", "category": 2, "author": ["admin"], "excerpt": "Looking for remote work straight out of college? Here are the 15 best entry-level remote jobs for 2026, what they pay, and how to land them.", "content": "<p>The remote work revolution didn't end when companies started calling people back to the office. For recent graduates, fully remote and hybrid entry-level positions are more available than ever — if you know where to look and what to apply for.</p>\n<p>This guide breaks down the 15 most accessible, well-paying entry-level remote jobs in 2026, along with what each role actually involves and what skills you need to get hired.</p>\n<p><strong>Why Remote Jobs Are Ideal for New Graduates</strong></p>\n<p>Starting your career remotely comes with some underappreciated advantages. You're not limited to your local job market — you can work for a company in San Francisco while living in Kansas City. You save money on commuting, professional clothing, and lunches. And many remote companies have more structured onboarding and written documentation practices, which is great for early-career learners.</p>\n<p>The challenge is that remote jobs are also highly competitive. You'll be applying against candidates nationwide. Your application — resume, cover letter, and portfolio — has to be exceptional.</p>\n<p><strong>1. Customer Success Associate</strong>\nAverage salary: $40,000–$55,000\nSkills needed: Communication, problem-solving, CRM software (Salesforce, HubSpot)</p>\n<p>Customer Success roles are among the most remote-friendly in tech companies. You're the person who helps customers get value from a product. Most SaaS companies hire entry-level associates for this role, and many will train you on their specific software. If you're personable and enjoy helping people solve problems, this is one of the best starting points in tech-adjacent careers.</p>\n<p><strong>2. Content Writer / Junior Copywriter</strong>\nAverage salary: $38,000–$52,000\nSkills needed: Writing, research, SEO basics, deadline management</p>\n<p>Remote content writing is thriving. Companies need blog posts, social media content, email sequences, and website copy constantly. If you can write clearly and consistently meet deadlines, you'll find consistent opportunities. Build a portfolio of 3–5 writing samples on topics you want to be hired for before applying.</p>\n<p><strong>3. Social Media Coordinator</strong>\nAverage salary: $36,000–$50,000\nSkills needed: Content creation, scheduling tools (Buffer, Later, Hootsuite), analytics, visual design basics</p>\n<p>Every business with a social media presence needs someone to manage it. Entry-level social media coordinators create content, schedule posts, respond to comments, and track analytics. A personal social media account with solid engagement is a great portfolio piece for this role.</p>\n<p><strong>4. Junior Data Analyst</strong>\nAverage salary: $48,000–$65,000\nSkills needed: Excel, SQL, Python or R (basic), data visualization (Tableau, Power BI)</p>\n<p>Data roles are among the highest-paid entry-level remote positions. If your degree involved any statistics, research, or quantitative coursework, you already have a foundation. Employers look for SQL knowledge above all else for junior analyst roles — free resources like Mode Analytics or Khan Academy can get you there.</p>\n<p><strong>5. SEO Specialist (Junior)</strong>\nAverage salary: $40,000–$55,000\nSkills needed: Google Search Console, keyword research, basic HTML, SEMrush or Ahrefs</p>\n<p>SEO (Search Engine Optimization) is entirely remote-compatible. Junior SEO specialists research keywords, optimize page titles and meta descriptions, build links, and analyze traffic data. Google's Digital Marketing certificate is a great free credential to start with.</p>\n<p><strong>6. Virtual Assistant</strong>\nAverage salary: $30,000–$45,000 (freelance can be higher)\nSkills needed: Organization, communication, calendar management, email tools</p>\n<p>Virtual assistants handle administrative tasks for busy executives or small businesses. The work varies widely — it can include scheduling, research, email management, data entry, travel booking, and more. This is an excellent remote-first opportunity that requires little specialized knowledge but rewards strong organizational skills.</p>\n<p><strong>7. Junior UX/UI Designer</strong>\nAverage salary: $50,000–$68,000\nSkills needed: Figma, design thinking, user research basics, portfolio</p>\n<p>Design is one of the most in-demand remote skills. If you have a design background — or have taught yourself Figma — you can pursue junior UX/UI roles. The key is your portfolio. Even self-initiated projects (redesigns of apps you find confusing, landing pages for fictional brands) count.</p>\n<p><strong>8. Technical Support Specialist</strong>\nAverage salary: $38,000–$52,000\nSkills needed: Troubleshooting, communication, patience, familiarity with help desk tools</p>\n<p>Tech companies hire remote technical support specialists to help users troubleshoot software issues. This role is a well-known gateway into tech careers — many engineers and product managers started in technical support.</p>\n<p><strong>9. Junior Recruiter / Talent Coordinator</strong>\nAverage salary: $40,000–$55,000\nSkills needed: ATS software, communication, LinkedIn, attention to detail</p>\n<p>Staffing agencies and in-house HR teams hire junior recruiters to source candidates, screen resumes, schedule interviews, and maintain records. This role is almost entirely remote-compatible and gives you insight into how hiring actually works.</p>\n<p><strong>10. Email Marketing Associate</strong>\nAverage salary: $38,000–$52,000\nSkills needed: Mailchimp or Klaviyo, copywriting, A/B testing basics, HTML email</p>\n<p>Email marketing generates more ROI per dollar than almost any other digital channel. Junior roles involve writing email campaigns, managing subscriber lists, setting up automations, and analyzing open/click rates.</p>\n<p><strong>11. Project Coordinator</strong>\nAverage salary: $42,000–$56,000\nSkills needed: Project management tools (Asana, Monday, Notion), communication, organization</p>\n<p>Fully remote project coordinators help keep teams on track. You manage timelines, maintain documentation, schedule meetings, and track deliverables. Many companies prefer project management certifications (like CAPM or Google PM Certificate), but strong organizational skills are the real minimum requirement.</p>\n<p><strong>12. Junior Accountant / Bookkeeper</strong>\nAverage salary: $40,000–$58,000\nSkills needed: Excel, QuickBooks, accounting principles, attention to detail</p>\n<p>Accounting is a consistently remote-friendly field. Junior accountants handle bookkeeping, reconciliations, payroll support, and financial reporting. An accounting or finance degree is typically required, though bookkeeper roles are more accessible without a specialized degree.</p>\n<p><strong>13. Sales Development Representative (SDR)</strong>\nAverage salary: $45,000–$60,000 + commission\nSkills needed: Outreach, CRM, cold email, resilience</p>\n<p>SDRs are the first-contact salespeople at tech companies. Their job is to book meetings for senior account executives. It's a high-energy, commission-driven role that can significantly boost earnings. Remote SDR positions are common at SaaS companies, and the role is an excellent springboard into a high-earning sales career.</p>\n<p><strong>14. Graphic Designer (Junior)</strong>\nAverage salary: $38,000–$52,000\nSkills needed: Adobe Creative Suite, Figma, brand guidelines, layout</p>\n<p>Graphic designers create visual assets for marketing, social media, websites, and print. Remote positions are standard in this field. Your portfolio is your entire application — focus on quality over quantity.</p>\n<p><strong>15. Research Assistant</strong>\nAverage salary: $36,000–$48,000\nSkills needed: Research methodology, writing, data collection, academic tools</p>\n<p>Research assistant roles exist at universities, think tanks, market research firms, and consulting companies. Many are now remote-compatible, especially secondary research roles that don't require lab access. Strong writing and synthesis skills are essential.</p>\n<p><strong>How to Land a Remote Entry-Level Job</strong></p>\n<p>Position your resume for remote work: mention any online collaboration tools you've used (Slack, Zoom, Notion, Google Workspace). Show you're self-directed and organized. Remote employers care deeply about written communication — your application materials are your first proof of that.</p>\n<p>Use job boards that specialize in remote work: We Work Remotely, Remote.co, FlexJobs, and Himalayas are all excellent alongside major platforms. Our job board at Career Builders Hub regularly posts remote entry-level roles — browse by the \"Remote\" filter.</p>\n<p>Remote work is not a compromise. For many people, it's the ideal arrangement from day one. With the right role and the right preparation, your first job doesn't have to be in an office — and your first paycheck can start whether you're in New York or Nashville.</p>", "featured_image": "blog/images/placeholder.png", "read_time": 9, "meta_title": "15 Best Entry-Level Remote Jobs for Graduates in 2026 | Career Builders Hub", "meta_description": "Looking for remote work straight out of college? Here are the 15 best entry-level remote jobs for 2026, what they pay, and how to land them.", "focus_keyword": "entry level remote jobs recent graduates", "status": "published", "published_at": null, "updated_at": "2026-04-27T06:20:27.749Z", "views_count": 0, "tags": []}}, {"model": "blog.post", "pk": 3, "fields": {"title": "10 Common First Job Interview Questions (And How to Answer Them)", "slug": "first-job-interview-questions-answers", "category": 3, "author": ["admin"], "excerpt": "Preparing for your first job interview? Here are the 10 most common questions interviewers ask entry-level candidates — with example answers.", "content": "<p>Your first job interview is a milestone. It's also completely learnable. Unlike exams, interviews don't require you to memorize specific facts — they require you to think clearly about yourself, your skills, and your goals, and communicate that clearly under mild pressure.</p>\n<p>The good news: hiring managers at entry-level positions ask very predictable questions. Here are the 10 most common, why interviewers ask each one, and exactly how to answer them well.</p>\n<p><strong>1. \"Tell me about yourself.\"</strong></p>\n<p><em>Why they ask it:</em> This is almost always the first question, and it's an invitation to frame the interview in your favor. Interviewers want to know who you are professionally in two to three minutes.</p>\n<p><em>How to answer:</em> Follow the Present → Past → Future structure. Start with who you are now (your degree and relevant skills), briefly cover relevant past experience (even if it's academic or part-time), and end with why you're excited about this role specifically.</p>\n<p><em>Example:</em> \"I recently graduated from [University] with a degree in Business Administration, where I focused on marketing and consumer behavior. During my time there, I ran our student marketing club and led a semester-long brand campaign project that grew our engagement by 300%. I interned for a summer at a local agency handling social media and email campaigns, which confirmed that digital marketing is exactly where I want to build my career. When I saw this role at [Company], I was excited because your data-first marketing approach aligns perfectly with how I think about the discipline.\"</p>\n<p><strong>2. \"Why do you want to work here?\"</strong></p>\n<p><em>Why they ask it:</em> They're filtering out candidates who applied to every company on the page. They want someone who actually wants to work there.</p>\n<p><em>How to answer:</em> Research the company before the interview. Reference something specific: a recent product launch, a value they publicly espouse, a customer experience you've had, or a news story about their growth. Generic answers (\"I love your culture!\") get you nowhere.</p>\n<p><em>Example:</em> \"I've been following [Company's] work on their accessibility-first product design initiative. As someone who volunteered with a disability advocacy group in college, seeing a company take that seriously — not just as a marketing footnote but as an engineering priority — is genuinely exciting. That's the kind of organization I want to start my career with.\"</p>\n<p><strong>3. \"What are your greatest strengths?\"</strong></p>\n<p><em>Why they ask it:</em> They want to see if your strengths are relevant to the role and if you have self-awareness.</p>\n<p><em>How to answer:</em> Pick two to three strengths that are directly relevant to the job description. Back each one with a specific example. Don't just say you're \"a hard worker.\"</p>\n<p><em>Example:</em> \"I'd highlight two. First, I'm genuinely strong at synthesizing large amounts of information quickly — something I developed doing academic research. Second, I'm a reliable communicator, especially in writing. During group projects, I was almost always the one who drafted our reports and presentations because I could translate complex ideas clearly. Both of those feel directly relevant to this analyst role.\"</p>\n<p><strong>4. \"What is your greatest weakness?\"</strong></p>\n<p><em>Why they ask it:</em> They're testing self-awareness and honesty. A perfect candidate who claims no weaknesses is a red flag.</p>\n<p><em>How to answer:</em> Give a real weakness — but one that you're actively working to improve. Don't say anything that would disqualify you from the role (e.g., don't say \"I struggle with deadlines\" for a project management role).</p>\n<p><em>Example:</em> \"I've historically been more comfortable working independently than delegating. I like to make sure things are done exactly right, and sometimes that means I take on more than I should. I've been working on this deliberately — during my final semester project, I made a point of assigning specific tasks to each team member and trusting the process. It made the work better and the experience more collaborative, and I want to keep building that skill.\"</p>\n<p><strong>5. \"Where do you see yourself in five years?\"</strong></p>\n<p><em>Why they ask it:</em> They're checking whether your ambitions align with the role and whether you're thinking about this as a career, not just a paycheck.</p>\n<p><em>How to answer:</em> You don't need a perfect five-year plan. Show that you're ambitious, growth-oriented, and genuinely interested in the field — not just the paycheck.</p>\n<p><em>Example:</em> \"In five years, I hope to have developed deep expertise in [relevant field] and taken on more responsibility — ideally in a senior or specialist capacity. I'm genuinely interested in the long-term trajectory of this industry, and I'd love to grow within a company rather than constantly switching roles. That's one reason this position appealed to me — your company has a clear path from [entry role] to [next role].\"</p>\n<p><strong>6. \"Tell me about a challenge you faced and how you handled it.\"</strong></p>\n<p><em>Why they ask it:</em> This is a behavioral question designed to evaluate problem-solving, resilience, and decision-making.</p>\n<p><em>How to answer:</em> Use the STAR method. Situation: set the scene briefly. Task: what was your responsibility? Action: what did you specifically do? Result: what happened?</p>\n<p><em>Example:</em> \"In my third year, our capstone group project hit a crisis two weeks before the deadline — one team member had a family emergency and had to drop out, taking a full section of the project with him. [Situation] As the de-facto project lead, I needed to redistribute the work without sacrificing quality. [Task] I scheduled an emergency team call, reviewed what was complete, and we divided the remaining work based on each person's strengths rather than equally. I took the most complex section myself and stayed up for two nights to get it done. [Action] We delivered on time and received an A−. More importantly, the experience taught me exactly how to lead under pressure. [Result]\"</p>\n<p><strong>7. \"Why are you leaving your current/last position?\"</strong></p>\n<p><em>Why they ask it:</em> Even for recent graduates who haven't held a professional job, they might ask why you left a part-time role or internship. They're looking for professionalism and honesty.</p>\n<p><em>How to answer:</em> Always keep it positive or neutral. Never badmouth a previous employer. Focus on what you're moving toward, not what you're running from.</p>\n<p><em>Example:</em> \"My internship was a fixed-term contract — it was never intended to be a permanent role. I learned a great deal about [skill], and the experience helped me confirm what kind of environment and work I want to pursue. I'm ready for a full-time position where I can invest fully and grow over a longer horizon.\"</p>\n<p><strong>8. \"How do you handle working under pressure or tight deadlines?\"</strong></p>\n<p><em>Why they ask it:</em> Work gets stressful. They want to know if you'll stay functional when it does.</p>\n<p><em>How to answer:</em> Give a specific example of a time you managed pressure well. Describe your actual strategy — prioritizing tasks, breaking large projects into steps, communicating proactively.</p>\n<p><em>Example:</em> \"I actually do some of my best work under deadline pressure — I think it forces clarity. During exam season last year, I was also managing a major student event at the same time. I used a simple priority matrix to figure out what needed to happen first and what could wait. I blocked specific hours for each task and communicated clearly with the event committee about what I could and couldn't deliver in certain timeframes. Everything came through, and the event was one of our most successful.\"</p>\n<p><strong>9. \"Do you prefer working independently or in a team?\"</strong></p>\n<p><em>Why they ask it:</em> They want to make sure your preferences match how the team actually operates.</p>\n<p><em>How to answer:</em> The honest answer for most jobs is \"both, depending on the context.\" Don't say one and claim you hate the other. Show that you're flexible and self-aware.</p>\n<p><em>Example:</em> \"I genuinely enjoy both, and I think the best work usually requires both. Independent focus time is where I do deep work — research, writing, analysis. But I find that collaboration in the ideation and review stages makes the output significantly better. I naturally lean toward communicating proactively when I'm working on something that will affect others, so there are no surprises.\"</p>\n<p><strong>10. \"Do you have any questions for us?\"</strong></p>\n<p><em>Why they ask it:</em> This is your chance to show genuine interest and assess whether this role is right for you. Saying \"no, I think you covered everything\" is a mistake.</p>\n<p><em>How to answer:</em> Always prepare at least three questions. Ask about the team, the day-to-day realities of the role, what success looks like in the first 90 days, or what the biggest challenge the team is currently facing.</p>\n<p><em>Sample questions to ask:</em>\n- \"What does success look like for someone in this role after six months?\"\n- \"What's the biggest challenge the team is currently navigating?\"\n- \"What do people who've done this role well tend to have in common?\"\n- \"What's your favorite part about working here?\"</p>\n<p><strong>Final Advice Before Your Interview</strong></p>\n<p>Practice your answers out loud — not just in your head. Your brain thinks faster than you speak, and what sounds clear in your mind often comes out disorganized when you say it. Record yourself on your phone. Watch it back. It's uncomfortable, but it works.</p>\n<p>Arrive (virtually or physically) a few minutes early. Dress appropriately. Have water nearby. And remember: you were invited to this interview because your application impressed someone. Go in knowing that you've already cleared one filter. Now it's just a conversation.</p>", "featured_image": "blog/images/placeholder.png", "read_time": 10, "meta_title": "10 First Job Interview Questions & How to Answer Them | Career Builders Hub", "meta_description": "Preparing for your first job interview? Here are the 10 most common questions interviewers ask entry-level candidates — with example answers.", "focus_keyword": "first job interview questions", "status": "published", "published_at": null, "updated_at": "2026-04-27T06:20:27.750Z", "views_count": 3, "tags": []}}, {"model": "blog.post", "pk": 4, "fields": {"title": "Entry-Level Software Engineer Jobs: What to Expect and How to Get One in 2026", "slug": "entry-level-software-engineer-jobs-2026", "category": 4, "author": ["admin"], "excerpt": "Want to become a software engineer but don't know where to start? This guide covers what entry-level engineering jobs actually look like and how to land one.", "content": "<p>Software engineering remains one of the most in-demand, best-compensated career paths a recent graduate can pursue. Even in a market that saw significant layoffs from large tech companies in 2023–2024, the demand for early-career engineers has remained robust — particularly at mid-sized companies, startups, and non-tech industries undergoing digital transformation.</p>\n<p>If you're studying computer science, a coding bootcamp graduate, or a self-taught developer trying to break into the field, this guide explains what entry-level software engineering roles actually look like, what companies expect, and exactly how to increase your chances of getting hired.</p>\n<p><strong>What Entry-Level Software Engineering Jobs Actually Involve</strong></p>\n<p>The term \"entry-level\" varies significantly by company size. At a large tech company like Google, Amazon, or Meta, entry-level (typically titled Software Engineer I or Junior Software Engineer) means you've gone through a rigorous interview process and are expected to contribute independently to significant systems relatively quickly, with guidance from senior engineers.</p>\n<p>At a startup or mid-sized company, entry-level often means you'll wear more hats, move faster, and have more autonomy earlier — but also less structured mentorship.</p>\n<p>Common day-to-day responsibilities include: writing and reviewing code, debugging and fixing issues, participating in code reviews, attending engineering meetings (sprint planning, standups, retrospectives), writing documentation, and working on features from the product roadmap.</p>\n<p><strong>Skills That Entry-Level Engineering Jobs Require</strong></p>\n<p>The specific skills vary by role specialization, but these are the most universally expected:</p>\n<p><em>Proficiency in at least one language:</em> Python, JavaScript, Java, and TypeScript are the most commonly requested. Know one well rather than five poorly.</p>\n<p><em>Version control:</em> Git is non-negotiable. Know branching, merging, pull requests, and how to resolve conflicts.</p>\n<p><em>Fundamental computer science concepts:</em> Data structures (arrays, hash maps, trees, graphs), algorithms (sorting, searching, time/space complexity), and object-oriented programming. These form the basis of technical interviews.</p>\n<p><em>Databases:</em> Understand SQL basics — querying, joins, indexing. NoSQL (MongoDB, DynamoDB) is a bonus.</p>\n<p><em>Understanding of the web:</em> Even for backend roles, knowing how HTTP works, what REST APIs are, and the basics of client-server architecture is important.</p>\n<p><em>Debugging:</em> The ability to systematically isolate and fix problems is one of the most underrated junior engineering skills.</p>\n<p><strong>The Technical Interview Process</strong></p>\n<p>Most companies use a multi-stage interview process for engineering roles:</p>\n<p><em>Stage 1 — Screening call:</em> A recruiter or engineering manager discusses your background and the role. Basic technical questions may come up.</p>\n<p><em>Stage 2 — Technical phone screen:</em> You solve 1–2 algorithmic problems on a coding platform (LeetCode-style questions) in 45–60 minutes while explaining your thinking out loud.</p>\n<p><em>Stage 3 — Full interview loop (often 4–6 rounds):</em>\n- Algorithmic/data structure problems (2–3 rounds)\n- System design (often light for juniors)\n- Behavioral interview (using STAR method)\n- Coding in your preferred language</p>\n<p><em>Stage 4 — Offer and negotiation.</em></p>\n<p><strong>How to Prepare for Technical Interviews</strong></p>\n<p>LeetCode is the standard preparation tool. For entry-level roles, focus on \"Easy\" problems first, then \"Medium.\" Common topics: arrays and strings, hash maps, two-pointer technique, binary search, linked lists, trees, and dynamic programming basics.</p>\n<p>Spend 30–60 minutes per day on practice problems over 8–12 weeks. This is the most reliable way to prepare. Don't try to memorize solutions — understand the patterns.</p>\n<p>Additional resources: NeetCode (YouTube channel), Grokking the Coding Interview (Educative), and AlgoExpert are all highly rated.</p>\n<p><strong>Building a Portfolio That Gets You Interviews</strong></p>\n<p>Your GitHub profile is your engineering portfolio. Hiring managers will look at it. Here's what makes a strong one:</p>\n<p>- 3–5 completed projects (not tutorials — original work)\n- Clean, commented code\n- Detailed README files explaining what each project does, why you built it, and how to run it\n- Evidence of version control practice (commit history, branches)\n- At least one project that solves a real problem you personally experienced</p>\n<p>Project ideas that stand out: a web scraper that monitors prices and sends email alerts, a personal finance tracker with a simple dashboard, a small REST API for a real-world domain, or a CLI tool that automates a repetitive task.</p>\n<p><strong>Where to Find Entry-Level Engineering Jobs</strong></p>\n<p>Beyond LinkedIn and Indeed, consider: Greenhouse (used by many startups), Lever, company career pages directly, Handshake (university partnerships), and — for early-career specifically — Career Builders Hub.</p>\n<p>When filtering, use \"junior,\" \"associate,\" \"entry-level,\" \"new grad,\" and \"0–2 years experience\" as search terms. Applying to roles that require 3+ years of experience as an entry-level candidate is usually not productive.</p>\n<p><strong>What to Expect in Your First Engineering Role</strong></p>\n<p>Your first few months will involve a lot of reading — reading codebases, documentation, and tickets. This is normal. Resist the urge to appear busy by writing code before you understand what you're working in.</p>\n<p>Ask questions freely, but spend time trying to find the answer yourself first. Senior engineers appreciate colleagues who've done their homework before asking. Take notes compulsively. Pair program with whoever will let you.</p>\n<p>You won't know everything, and that is expected. The companies that hire recent graduates know what they're getting. Curiosity, coachability, and consistency matter far more in the first year than raw technical knowledge.</p>\n<p>Software engineering careers compound. The skills you build in your first role create the foundation for every role after. Choose a company that will teach you well, even if it doesn't have the biggest name. The learning environment of your first job shapes the engineer you become.</p>", "featured_image": "blog/images/placeholder.png", "read_time": 10, "meta_title": "Entry-Level Software Engineer Jobs in 2026 | Career Builders Hub", "meta_description": "Want to become a software engineer but don't know where to start? This guide covers what entry-level engineering jobs actually look like and how to land one.", "focus_keyword": "entry level software engineer jobs", "status": "published", "published_at": null, "updated_at": "2026-04-27T06:20:27.752Z", "views_count": 1, "tags": []}}, {"model": "blog.post", "pk": 5, "fields": {"title": "How to Negotiate Your First Salary Offer (Scripts Included)", "slug": "how-to-negotiate-first-salary-offer", "category": 1, "author": ["admin"], "excerpt": "Most first-time job seekers don't negotiate. Here's why you should, how to do it professionally, and the exact scripts to use.", "content": "<p>Receiving your first job offer is thrilling. The instinct is to say yes immediately, because after weeks or months of searching, someone finally wants you. But that instinct costs most early-career professionals $5,000 to $15,000 in their first year alone — money that compounds into significantly more over the course of a career, because future raises and job offers are often anchored to your current salary.</p>\n<p>The truth: nearly every employer expects negotiation. Making an offer is not the employer's final word. It is the beginning of a conversation.</p>\n<p><strong>The Fear That Stops Most People</strong></p>\n<p>The #1 reason recent graduates don't negotiate is fear — fear of seeming ungrateful, fear of the offer being rescinded, fear of appearing greedy. All three fears are largely unfounded.</p>\n<p>Employers almost never rescind an offer because a candidate negotiated professionally. In fact, many hiring managers privately respect candidates who negotiate — it signals confidence and professionalism, two qualities they were hoping to hire.</p>\n<p><strong>Step 1: Research Before You Negotiate</strong></p>\n<p>You can't negotiate effectively without knowing what the market pays. Before you respond to any offer, research salary data for your specific role, industry, and location. Use:</p>\n<p>- Glassdoor Salaries\n- LinkedIn Salary Insights\n- Levels.fyi (for tech roles)\n- Payscale\n- The Bureau of Labor Statistics Occupational Outlook Handbook\n- Our Salary Insights page at Career Builders Hub</p>\n<p>Look at the range, not just the average. If the average is $52,000 but the 75th percentile is $60,000, you have room to negotiate toward the higher end.</p>\n<p><strong>Step 2: Decide Your Target Number</strong></p>\n<p>Come up with three numbers:</p>\n<p><em>Your ideal number:</em> The salary you'd be thrilled with. This is where you should open the negotiation.</p>\n<p><em>Your realistic number:</em> The salary you'd accept happily given your research. This is your likely settlement point.</p>\n<p><em>Your walk-away number:</em> The minimum you'd accept before declining the offer. Know this in advance, so you don't make decisions under pressure in real time.</p>\n<p><strong>Step 3: Let the Employer Go First (If You Can)</strong></p>\n<p>Salary negotiation is easier when the employer makes the first move. If asked \"What are your salary expectations?\" early in the interview process, try to deflect: \"I'd love to learn more about the full scope of the role before I name a number — I'm open to hearing what range you have budgeted for this position.\"</p>\n<p>If they push, give a range with your ideal number at the bottom: \"Based on my research and experience, I'm targeting something in the $55,000–$62,000 range.\"</p>\n<p><strong>Step 4: Respond to the Offer (Don't Accept on the Spot)</strong></p>\n<p>When you receive an offer, your first response should be: \"Thank you so much — I'm really excited about this opportunity. Could I have a couple of days to review everything?\"</p>\n<p>Every legitimate employer will say yes. This gives you time to review the full compensation package (salary, bonus, benefits, PTO, health insurance, 401k matching, remote flexibility), research whether the base salary is fair, and prepare your counter.</p>\n<p><strong>Step 5: Make Your Counter</strong></p>\n<p>Call or email — both work. If you're nervous, email can feel safer and gives you time to craft your words carefully.</p>\n<p>Here is a script you can adapt:</p>", "featured_image": "blog/images/placeholder.png", "read_time": 8, "meta_title": "How to Negotiate Your First Salary Offer (With Scripts) | Career Builders Hub", "meta_description": "Most first-time job seekers don't negotiate. Here's why you should, how to do it professionally, and the exact scripts to use.", "focus_keyword": "how to negotiate first salary offer", "status": "published", "published_at": null, "updated_at": "2026-04-27T06:20:27.753Z", "views_count": 2, "tags": []}}, {"model": "blog.post", "pk": 6, "fields": {"title": "How to ace your next interview", "slug": "how-to-ace-your-next-interview", "category": 1, "author": ["admin"], "excerpt": "Summary of How to ace your next interview.", "content": "<p>Full content of the article goes here. It is very informative.</p>", "featured_image": "blog/images/placeholder.png", "read_time": 5, "meta_title": "How to ace your next interview", "meta_description": "Read our latest post: How to ace your next interview", "focus_keyword": "career", "status": "published", "published_at": "2026-04-26T12:52:50.363Z", "updated_at": "2026-04-27T06:09:24.013Z", "views_count": 0, "tags": []}}, {"model": "blog.post", "pk": 7, "fields": {"title": "Remote work: The future of recruitment", "slug": "remote-work-the-future-of-recruitment", "category": 6, "author": ["admin"], "excerpt": "Summary of Remote work: The future of recruitment.", "content": "<p>Full content of the article goes here. It is very informative.</p>", "featured_image": "blog/images/placeholder.png", "read_time": 5, "meta_title": "Remote work: The future of recruitment", "meta_description": "Read our latest post: Remote work: The future of recruitment", "focus_keyword": "career", "status": "published", "published_at": "2026-04-26T12:52:50.368Z", "updated_at": "2026-04-27T06:09:24.013Z", "views_count": 1, "tags": []}}, {"model": "blog.post", "pk": 8, "fields": {"title": "5 tips for building a great resume", "slug": "5-tips-for-building-a-great-resume", "category": 6, "author": ["admin"], "excerpt": "Summary of 5 tips for building a great resume.", "content": "<p>Full content of the article goes here. It is very informative.</p>", "featured_image": "blog/images/placeholder.png", "read_time": 5, "meta_title": "5 tips for building a great resume", "meta_description": "Read our latest post: 5 tips for building a great resume", "focus_keyword": "career", "status": "published", "published_at": "2026-04-26T12:52:50.369Z", "updated_at": "2026-04-27T06:09:24.013Z", "views_count": 5, "tags": []}}, {"model": "blog.post", "pk": 9, "fields": {"title": "The rise of AI in the workplace", "slug": "the-rise-of-ai-in-the-workplace", "category": 6, "author": ["admin"], "excerpt": "Summary of The rise of AI in the workplace.", "content": "<p>Full content of the article goes here. It is very informative.</p>", "featured_image": "blog/images/placeholder.png", "read_time": 5, "meta_title": "The rise of AI in the workplace", "meta_description": "Read our latest post: The rise of AI in the workplace", "focus_keyword": "career", "status": "published", "published_at": "2026-04-26T08:32:24Z", "updated_at": "2026-04-27T07:32:38.022Z", "views_count": 7, "tags": []}}, {"model": "blog.post", "pk": 10, "fields": {"title": "How to Build a Resume With No Work Experience (Template + Examples)", "slug": "build-resume-no-work-experience", "category": 1, "author": ["admin"], "excerpt": "Learn how to create a professional resume even if you have zero work experience. We cover projects, education, and skills.", "content": "<p>Building a resume when you have no formal work experience can feel like a Catch-22: you need experience to get a job, but you need a job to get experience. However, every professional started exactly where you are right now. The key is to shift the focus from \"employment history\" to \"relevant qualifications.\"</p>\n<p><strong>Focus on Your Education</strong>\nFor a recent graduate, your degree is your primary asset. Don't just list the school and the year; include your GPA (if it's above 3.5), relevant coursework, honors, and any academic awards. If you completed a thesis or a major capstone project, describe it as if it were a job responsibility.</p>\n<p><strong>Highlight Personal Projects</strong>\nIn the modern job market, what you've built often matters more than where you've worked. Whether it's a code repository on GitHub, a personal blog, a volunteer project for a local non-profit, or even a side hustle, these show initiative and technical skill. Treat these projects as \"Professional Experience\" and use bullet points to describe your role and the outcomes.</p>\n<p><strong>Leverage Transferable Skills</strong>\nThink about the skills you've gained through extracurricular activities, sports, or student organizations. Leadership, time management, and communication are highly valued by employers. If you were the treasurer of a student club, you managed budgets. If you played on a college team, you practiced disciplined teamwork.</p>\n<p><strong>Use a Functional or Hybrid Format</strong>\nTraditional resumes are chronological, which highlights gaps. A functional resume focuses on skills and projects, grouping them by category (e.g., \"Technical Skills,\" \"Project Experience\"). This structure allows the hiring manager to see your potential immediately, rather than focusing on your lack of a past boss.</p>", "featured_image": "blog/images/placeholder_1.png", "read_time": 8, "meta_title": "How to Build a Resume With No Work Experience | Career Builders Hub", "meta_description": "Learn how to create a professional resume even if you have zero work experience. We cover projects, education, and skills.", "focus_keyword": "resume with no experience", "status": "published", "published_at": null, "updated_at": "2026-04-28T17:07:58.366Z", "views_count": 1, "tags": []}}, {"model": "blog.post", "pk": 11, "fields": {"title": "Top 10 Entry-Level Careers for 2026: Trends and Insights", "slug": "top-entry-level-careers-2026", "category": 7, "author": ["admin"], "excerpt": "Discover the highest-growth entry-level career paths for 2026, including AI, sustainability, and digital healthcare.", "content": "<p>The job market is evolving faster than ever. As we move into 2026, traditional roles are being redefined by technology and shifting global priorities. For recent graduates, the challenge is identifying which paths offer the most stability and growth potential.</p>\n<p><strong>AI and Automation Specialists</strong>\nUnsurprisingly, anything related to Artificial Intelligence is booming. However, you don't need a PhD in machine learning to participate. Companies are looking for \"AI Implementers\" — people who can integrate AI tools into existing workflows, manage prompt engineering, and ensure data ethics in business operations.</p>\n<p><strong>Sustainability and Green Energy</strong>\nAs the global economy transitions to net-zero, \"Green Jobs\" are no longer niche. From environmental consulting to renewable energy engineering and sustainable supply chain management, there is a massive demand for new talent ready to tackle the climate crisis from within the corporate world.</p>\n<p><strong>Digital Healthcare and Telehealth</strong>\nHealthcare is increasingly digital. Roles in health informatics, remote patient monitoring coordination, and digital health product management are growing. These roles often bridge the gap between clinical needs and technological solutions, making them perfect for graduates with interdisciplinary backgrounds.</p>\n<p><strong>Cybersecurity and Data Privacy</strong>\nWith data becoming the world's most valuable resource, protecting it is a top priority. Entry-level roles in security analysis, compliance auditing, and identity management are projected to grow significantly as companies fight against increasingly sophisticated cyber threats.</p>", "featured_image": "blog/images/placeholder_2.png", "read_time": 10, "meta_title": "Best Entry-Level Jobs in 2026 | Career Builders Hub", "meta_description": "Discover the highest-growth entry-level career paths for 2026, including AI, sustainability, and digital healthcare.", "focus_keyword": "entry level careers 2026", "status": "published", "published_at": null, "updated_at": "2026-04-28T17:07:58.369Z", "views_count": 0, "tags": []}}, {"model": "blog.post", "pk": 12, "fields": {"title": "The Ultimate Guide to Networking on LinkedIn as a Graduate", "slug": "linkedin-networking-guide-graduates", "category": 8, "author": ["admin"], "excerpt": "Learn how to optimize your LinkedIn profile and reach out to professionals without feeling awkward.", "content": "<p>LinkedIn is the world's largest professional networking platform, and for a recent graduate, it is your most powerful tool for finding unadvertised jobs. However, most graduates use it incorrectly, treating it like a static resume rather than a dynamic networking space.</p>\n<p><strong>Optimize Your Profile for Search</strong>\nHiring managers search LinkedIn using keywords. Your headline shouldn't just say \"Recent Graduate.\" It should say something like \"Marketing Graduate | Aspiring Content Strategist | SEO & Digital Analytics Enthusiast.\" This tells searchers exactly what you do and what you're looking for.</p>\n<p><strong>The Power of the Informational Interview</strong>\nDon't reach out to strangers asking for a job. Instead, ask for 15 minutes of their time to learn about their career path. This is called an informational interview. Most people are happy to help someone starting out if the request is specific, professional, and low-pressure.</p>\n<p><strong>Content Creation as Networking</strong>\nOne of the best ways to get noticed is to share your thoughts. Post about a project you're working on, an article you found interesting, or a lesson you learned in class. This builds \"social proof\" and shows that you are engaged with your industry beyond just looking for a paycheck.</p>\n<p><strong>Join and Participate in Groups</strong>\nLinkedIn groups are hubs for industry-specific discussions. Join groups related to your field and contribute meaningfully. When you've established a presence in a group, it becomes much easier to connect with the high-level professionals who frequent them.</p>", "featured_image": "blog/images/placeholder_3.png", "read_time": 12, "meta_title": "LinkedIn Networking for Graduates | Career Builders Hub", "meta_description": "Learn how to optimize your LinkedIn profile and reach out to professionals without feeling awkward.", "focus_keyword": "linkedin networking", "status": "published", "published_at": null, "updated_at": "2026-04-28T17:07:58.370Z", "views_count": 1, "tags": []}}, {"model": "blog.post", "pk": 13, "fields": {"title": "Remote vs. Hybrid vs. On-Site: Which is Best for Your First Job?", "slug": "remote-vs-hybrid-vs-onsite-first-job", "category": 1, "author": ["admin"], "excerpt": "Comparing remote, hybrid, and on-site work for your first entry-level role. Pros, cons, and what to consider.", "content": "<p>The \"where\" of work has changed forever. As a new graduate, you might have the option to work from anywhere, or you might be required to be in an office five days a week. Each model has distinct advantages and disadvantages for someone just starting their career.</p>\n<p><strong>The On-Site Advantage: Mentorship and Culture</strong>\nFor your first job, being physically present can be a massive advantage. You learn by \"osmosis\" — overhearing how senior colleagues handle difficult calls, getting quick answers to small questions, and building relationships over lunch. The social fabric of an office is often where the most significant learning happens.</p>\n<p><strong>The Remote Reality: Flexibility and Focus</strong>\nRemote work offers unparalleled flexibility and saves hours of commuting time. For disciplined self-starters, it can be a highly productive environment. However, it requires a proactive approach to communication. You have to work twice as hard to get noticed and to build the \"soft skills\" that come naturally in person.</p>\n<p><strong>Hybrid: The Middle Ground</strong>\nHybrid models often offer the best of both worlds — focused time at home and collaborative time in the office. This is becoming the standard for many companies. It allows you to build the necessary relationships in person while enjoying the benefits of remote work.</p>\n<p><strong>What Should You Choose?</strong>\nThink about your learning style. If you thrive on social interaction and need frequent feedback, aim for an on-site or heavily hybrid role. If you are highly independent and have a strong home setup, remote might work. But don't underestimate the value of the \"watercooler effect\" in your formative professional years.</p>", "featured_image": "blog/images/placeholder_1.png", "read_time": 7, "meta_title": "Choosing Your Work Environment | Career Builders Hub", "meta_description": "Comparing remote, hybrid, and on-site work for your first entry-level role. Pros, cons, and what to consider.", "focus_keyword": "remote vs onsite first job", "status": "published", "published_at": null, "updated_at": "2026-04-28T17:07:58.370Z", "views_count": 0, "tags": []}}, {"model": "blog.post", "pk": 14, "fields": {"title": "Soft Skills Every Employer Looks for in Recent Graduates", "slug": "essential-soft-skills-graduates", "category": 1, "author": ["admin"], "excerpt": "Beyond technical skills, employers look for these key soft skills. Learn what they are and how to demonstrate them.", "content": "<p>Your degree and technical skills get you the interview, but your soft skills get you the job — and help you keep it. In a world where technical knowledge can quickly become obsolete, these \"human skills\" are the most valuable long-term assets you have.</p>\n<p><strong>Communication and Clarity</strong>\nBeing able to explain complex ideas simply and communicate clearly in writing is vital. Whether it's an email to a client or a presentation to your team, clarity shows that you have organized thoughts. Practice active listening; it's the most underrated part of communication.</p>\n<p><strong>Adaptability and Lifelong Learning</strong>\nThe only constant in the modern workplace is change. Employers value graduates who are willing to learn new tools, adapt to new workflows, and stay positive when plans shift. Showing that you have a \"growth mindset\" is more important than knowing every software on day one.</p>\n<p><strong>Emotional Intelligence (EQ)</strong>\nEQ is the ability to understand and manage your own emotions, and to empathize with others. This is the foundation of effective teamwork. Being able to take constructive criticism without getting defensive and being a supportive teammate will make you an indispensable part of any organization.</p>\n<p><strong>Problem-Solving and Initiative</strong>\nDon't just bring problems to your manager; bring potential solutions. Taking the initiative to research a fix or suggest a new approach shows that you are thinking like a contributor, not just an employee. This proactive attitude is what leads to rapid promotions and more responsibility.</p>", "featured_image": "blog/images/placeholder_2.png", "read_time": 9, "meta_title": "Essential Soft Skills for Graduates | Career Builders Hub", "meta_description": "Beyond technical skills, employers look for these key soft skills. Learn what they are and how to demonstrate them.", "focus_keyword": "soft skills for graduates", "status": "published", "published_at": null, "updated_at": "2026-04-28T17:07:58.371Z", "views_count": 1, "tags": []}}, {"model": "blog.post", "pk": 15, "fields": {"title": "How to Handle a 'Gap Year' on Your Professional Resume", "slug": "handle-gap-year-resume", "category": 1, "author": ["admin"], "excerpt": "Did you take time off after graduating? Here is how to explain your gap year to employers in a way that shows growth and initiative.", "content": "<p>The \"gap year\" is no longer a career-ending move. In fact, many employers value the maturity and global perspective that comes with intentional time off. However, the key is the word \"intentional.\" You need to show that you were active, not just idle.</p>\n<p><strong>Reframe the Gap as an Investment</strong>\nInstead of calling it \"time off,\" call it a \"Sabbatical for Skill Development\" or a \"Self-Directed Learning Period.\" List the specific skills you built, whether it was learning a language, completing online certifications, or volunteering. Show that you were investing in your future self.</p>\n<p><strong>Focus on the 'Why' and the 'What'</strong>\nBe prepared to explain why you took the gap and what you achieved. If you traveled, talk about the adaptability and cross-cultural communication skills you developed. If you worked on a personal project, show the results. The goal is to prove that you are returning to the workforce more capable than when you left.</p>", "featured_image": "blog/images/placeholder_3.png", "read_time": 6, "meta_title": "Explaining a Gap Year on Your Resume | Career Builders Hub", "meta_description": "Did you take time off after graduating? Here is how to explain your gap year to employers in a way that shows growth and initiative.", "focus_keyword": "gap year on resume", "status": "published", "published_at": null, "updated_at": "2026-04-28T17:07:58.371Z", "views_count": 0, "tags": []}}, {"model": "blog.post", "pk": 16, "fields": {"title": "From Classroom to Cubicle: The Biggest Culture Shocks", "slug": "classroom-to-cubicle-culture-shock", "category": 1, "author": ["admin"], "excerpt": "Transitioning from college to the workplace is a major shift. Here are the biggest culture shocks and how to navigate them.", "content": "<p>In college, you have a syllabus, clear deadlines, and frequent feedback. In the workplace, things are often more ambiguous. Navigating this transition is one of the most significant challenges for a new graduate.</p>\n<p><strong>The Shift in Feedback Loops</strong>\nIn school, you get a grade for every assignment. In a job, you might only get a formal review once a year. Learning to seek out informal feedback and to measure your own progress is a vital skill. Don't wait for your boss to tell you how you're doing; ask for a quick check-in.</p>\n<p><strong>Professionalism and the Unwritten Rules</strong>\nEvery office has a culture — a set of unwritten rules about how people dress, how they communicate, and how they spend their time. Spend your first few weeks observing. Who are the leaders? How are meetings conducted? Adapting to these cultural nuances is just as important as doing your actual work.</p>", "featured_image": "blog/images/placeholder_1.png", "read_time": 8, "meta_title": "Adjusting to Your First Office Job | Career Builders Hub", "meta_description": "Transitioning from college to the workplace is a major shift. Here are the biggest culture shocks and how to navigate them.", "focus_keyword": "transitioning to first job", "status": "published", "published_at": null, "updated_at": "2026-04-28T17:07:58.372Z", "views_count": 0, "tags": []}}, {"model": "blog.post", "pk": 17, "fields": {"title": "Why Your First Job Doesn't Have to Be Your Dream Job", "slug": "first-job-not-dream-job", "category": 1, "author": ["admin"], "excerpt": "Don't put too much pressure on your first role. Here is why your first job is just a stepping stone, not a destination.", "content": "<p>There is a lot of pressure to find the \"perfect\" first job. But the reality is that your first role is rarely your dream role. It's an opportunity to learn what you're good at, what you enjoy, and — perhaps most importantly — what you <em>don't</em> want to do.</p>\n<p><strong>The Value of Foundational Skills</strong>\nEvery job teaches you something. Even if you're not doing the exact work you want, you are building foundational professional skills: communication, teamwork, reliability, and office politics. These are transferable to any role and will serve you well when you do find that dream job.</p>\n<p><strong>Building Your Network</strong>\nYour first job is where you start building your professional network. The people you work with now will go on to work at other companies, and they will become your future references, mentors, and job leads. Focus on building strong relationships wherever you are.</p>", "featured_image": "blog/images/placeholder_2.png", "read_time": 7, "meta_title": "Your First Job Isn't Your Last | Career Builders Hub", "meta_description": "Don't put too much pressure on your first role. Here is why your first job is just a stepping stone, not a destination.", "focus_keyword": "first job dream job", "status": "published", "published_at": null, "updated_at": "2026-04-28T17:07:58.372Z", "views_count": 0, "tags": []}}, {"model": "blog.post", "pk": 18, "fields": {"title": "The Rise of Freelancing: Is it a Viable Option for Graduates?", "slug": "freelancing-for-new-graduates", "category": 7, "author": ["admin"], "excerpt": "Considering freelancing instead of a traditional job? We weigh the pros and cons of starting a freelance career as a new graduate.", "content": "<p>The gig economy is growing, and for many graduates, the idea of being their own boss is highly appealing. But freelancing requires a very different mindset and skill set than a traditional 9-to-5 job.</p>\n<p><strong>The Pros: Autonomy and Variety</strong>\nFreelancing allows you to choose your projects, your clients, and your schedule. You can build a diverse portfolio quickly and work in multiple industries. For self-disciplined individuals, the autonomy can be incredibly rewarding and can lead to a very high income over time.</p>\n<p><strong>The Cons: Uncertainty and Admin</strong>\nAs a freelancer, you are responsible for everything: finding clients, managing projects, billing, taxes, and your own health insurance. The income can be irregular, and there is no \"off\" switch. It requires a high level of organization and a thick skin for rejection.</p>", "featured_image": "blog/images/placeholder_3.png", "read_time": 10, "meta_title": "Freelancing After Graduation | Career Builders Hub", "meta_description": "Considering freelancing instead of a traditional job? We weigh the pros and cons of starting a freelance career as a new graduate.", "focus_keyword": "freelancing for graduates", "status": "published", "published_at": null, "updated_at": "2026-04-28T17:07:58.373Z", "views_count": 0, "tags": []}}, {"model": "blog.post", "pk": 19, "fields": {"title": "How to Ace Your Virtual Interview: Tech, Lighting, and Body Language", "slug": "ace-virtual-interview-tips", "category": 1, "author": ["admin"], "excerpt": "Most interviews are now virtual. Learn how to master the tech, the lighting, and the body language to impress from afar.", "content": "<p>The screen is now the gateway to your next job. Virtual interviews are the new standard, and mastering them requires a different set of skills than in-person meetings.</p>\n<p><strong>Master Your Environment</strong>\nYour background should be professional and clutter-free. Lighting is everything — make sure your face is well-lit from the front, not silhouetted from a window behind you. Use a dedicated headset to ensure clear audio; the built-in laptop mic is rarely good enough.</p>\n<p><strong>The 'Camera Eye' and Body Language</strong>\nWhen you speak, look directly at the camera lens, not at the person's face on the screen. This creates the illusion of eye contact. Sit up straight, smile, and use hand gestures as you would in person. This \"active presence\" helps you connect with the interviewer through the screen.</p>", "featured_image": "blog/images/placeholder_1.png", "read_time": 8, "meta_title": "Virtual Interview Tips for Success | Career Builders Hub", "meta_description": "Most interviews are now virtual. Learn how to master the tech, the lighting, and the body language to impress from afar.", "focus_keyword": "virtual interview tips", "status": "published", "published_at": null, "updated_at": "2026-04-28T17:07:58.373Z", "views_count": 0, "tags": []}}, {"model": "blog.post", "pk": 20, "fields": {"title": "Dealing with Imposter Syndrome in Your First Professional Role", "slug": "imposter-syndrome-first-job", "category": 1, "author": ["admin"], "excerpt": "Feeling like a fraud in your new job? You're not alone. Here is how to handle imposter syndrome as a new professional.", "content": "<p>\"I don't belong here. They're going to find out I don't know what I'm doing.\" If you've thought this during your first few months at a new job, congratulations: you have imposter syndrome. It's incredibly common among high-achieving recent graduates.</p>\n<p><strong>Understand That Everyone Is Learning</strong>\nEven the most senior people in your office are constantly learning. The workplace is a series of problems to be solved, and no one has all the answers on day one. Your company hired you for your potential and your ability to learn, not because you already knew everything.</p>\n<p><strong>Track Your Small Wins</strong>\nKeep a \"Win Log\" where you record everything you achieve, no matter how small. A successful call, a completed project, a positive piece of feedback — write it down. When you feel like a fraud, look back at your log. It's hard to argue with a list of facts.</p>", "featured_image": "blog/images/placeholder_2.png", "read_time": 9, "meta_title": "Overcoming Imposter Syndrome | Career Builders Hub", "meta_description": "Feeling like a fraud in your new job? You're not alone. Here is how to handle imposter syndrome as a new professional.", "focus_keyword": "imposter syndrome at work", "status": "published", "published_at": null, "updated_at": "2026-04-28T17:07:58.374Z", "views_count": 1, "tags": []}}, {"model": "blog.post", "pk": 21, "fields": {"title": "The Importance of a Professional Headshot (and How to Get One for Free)", "slug": "importance-of-professional-headshot", "category": 8, "author": ["admin"], "excerpt": "Your profile picture is your first impression. Learn why a professional headshot matters and how to get one on a budget.", "content": "<p>Your online profile picture is often the first thing a hiring manager sees. A blurry selfie or a cropped wedding photo sends the wrong message. A professional headshot tells the world that you are serious about your career.</p>\n<p><strong>The Psychology of the First Impression</strong>\nHumans are visual creatures. A clean, well-lit headshot where you look approachable and professional builds trust before a single word is read. It makes you memorable and helps you stand out in a sea of generic profiles.</p>\n<p><strong>How to DIY Your Headshot</strong>\nYou don't need to spend hundreds of dollars. Most modern smartphones have incredible cameras. Find a plain, neutral background, use natural light (stand facing a window), and have a friend take the photo. Wear professional attire and aim for a \"confident but approachable\" expression.</p>", "featured_image": "blog/images/placeholder_3.png", "read_time": 5, "meta_title": "Why You Need a Professional Headshot | Career Builders Hub", "meta_description": "Your profile picture is your first impression. Learn why a professional headshot matters and how to get one on a budget.", "focus_keyword": "professional headshot tips", "status": "published", "published_at": null, "updated_at": "2026-04-28T17:07:58.378Z", "views_count": 0, "tags": []}}, {"model": "blog.post", "pk": 22, "fields": {"title": "How to Turn an Internship into a Full-Time Job Offer", "slug": "turn-internship-into-job-offer", "category": 1, "author": ["admin"], "excerpt": "Are you currently an intern? Here are the best strategies to prove your value and secure a full-time offer at the end of your term.", "content": "<p>An internship is essentially a long-form interview. You have a few months to prove that you are a valuable asset to the team. If you want that full-time offer, you need to go above and beyond the basic requirements.</p>\n<p><strong>Become the Person Who Solves Problems</strong>\nDon't just do what you're told. Look for small problems that you can solve. A messy file system, an outdated spreadsheet, a process that could be more efficient — take the initiative to fix it. This shows that you are thinking like an owner, not just a temporary helper.</p>\n<p><strong>Network Within the Company</strong>\nDon't just talk to your immediate manager. Offer to buy coffee for people in other departments. Learn how the different parts of the business connect. This build visibility and makes you a \"known quantity\" across the organization, which is a huge advantage when hiring decisions are made.</p>", "featured_image": "blog/images/placeholder_1.png", "read_time": 8, "meta_title": "From Intern to Employee | Career Builders Hub", "meta_description": "Are you currently an intern? Here are the best strategies to prove your value and secure a full-time offer at the end of your term.", "focus_keyword": "intern to full time", "status": "published", "published_at": null, "updated_at": "2026-04-28T17:07:58.379Z", "views_count": 0, "tags": []}}, {"model": "blog.post", "pk": 23, "fields": {"title": "Financial Planning 101 for Recent Graduates", "slug": "financial-planning-for-graduates", "category": 9, "author": ["admin"], "excerpt": "Just got your first paycheck? Learn the basics of budgeting, saving, and investing to build a strong financial foundation.", "content": "<p>Earning your first real paycheck is an incredible feeling. But without a plan, that money can disappear very quickly. Building good financial habits now is the best gift you can give your future self.</p>\n<p><strong>The 50/30/20 Rule of Budgeting</strong>\nA simple way to manage your money: 50% for needs (rent, groceries, bills), 30% for wants (dining out, hobbies, travel), and 20% for savings and debt repayment. This ensures you're living within your means while still building for the future.</p>\n<p><strong>Start Your Emergency Fund Today</strong>\nLife happens. A car repair, a medical bill, or a sudden job loss can be devastating without a cushion. Aim to save 3-6 months of essential expenses in a separate, easily accessible account. This is your \"peace of mind\" fund.</p>", "featured_image": "blog/images/placeholder_2.png", "read_time": 11, "meta_title": "Basic Finance for New Graduates | Career Builders Hub", "meta_description": "Just got your first paycheck? Learn the basics of budgeting, saving, and investing to build a strong financial foundation.", "focus_keyword": "financial planning for graduates", "status": "published", "published_at": null, "updated_at": "2026-04-28T17:07:58.379Z", "views_count": 1, "tags": []}}, {"model": "blog.post", "pk": 24, "fields": {"title": "Building a Career in a Post-AI World: What You Need to Know", "slug": "career-in-post-ai-world", "category": 7, "author": ["admin"], "excerpt": "AI is changing everything. Learn how to 'AI-proof' your career by focusing on the skills that machines can't replicate.", "content": "<p>Artificial Intelligence is not going to take your job, but a person who knows how to use AI might. For recent graduates, the goal is to become \"AI-augmented\" — someone who uses technology to amplify their human strengths.</p>\n<p><strong>Focus on High-EQ and Creative Roles</strong>\nAI is excellent at processing data and following rules. It is currently less capable at empathy, complex negotiation, and true creative problem-solving. Roles that require high emotional intelligence and the ability to navigate human nuance are the most resilient.</p>\n<p><strong>Learn the Tools, Not Just the Theory</strong>\nStay curious about the AI tools in your industry. Whether it's AI-assisted coding, marketing automation, or predictive analytics in finance, knowing how to leverage these tools will make you significantly more productive and more valuable to any employer.</p>", "featured_image": "blog/images/placeholder_3.png", "read_time": 12, "meta_title": "Your Career and AI | Career Builders Hub", "meta_description": "AI is changing everything. Learn how to 'AI-proof' your career by focusing on the skills that machines can't replicate.", "focus_keyword": "career in ai world", "status": "published", "published_at": null, "updated_at": "2026-04-28T17:07:58.380Z", "views_count": 3, "tags": []}}, {"model": "accounts.userprofile", "pk": 1, "fields": {"user": ["admin"], "avatar": "avatars/admin.png", "bio": "Expert career coach and recruitment specialist with over 15 years of experience helping recent graduates land their dream jobs.", "location": "", "phone": "", "current_title": "Career Expert", "graduation_year": null, "degree": "", "university": "", "skills": "", "resume": "", "resume_public": false, "linkedin_url": "https://linkedin.com", "github_url": "", "portfolio_url": "", "saved_jobs": []}}]